{
    "log_rmse": {
        "WISSTep2": -0.9446737190339695,
        "ISStepwise": -0.14245875245792516
    },
    "mean_spearman": {
        "WISSTep2": 0.21142857142857144,
        "ISStepwise": -0.6571428571428573
    },
    "mean_regret": {
        "WISSTep2": 0.0702859577664005,
        "ISStepwise": 0.38628585254215464
    },
    "mean_regret_at_1": {
        "WISSTep2": 0.08031395510751194,
        "ISStepwise": 1.0
    },
    "mean_mse": {
        "WISSTep2": 0.1511704247208116,
        "ISStepwise": 0.7520762943575384
    },
    "normalized_correct_values": [
        0.0,
        0.6137141474578454,
        0.7109191728129024,
        0.9363993737943405,
        1.0,
        0.9196860448924881
    ],
    "raw_correct_values": [
        -92.36850160933943,
        -64.32972230629774,
        -59.88871297912686,
        -49.58719130374739,
        -46.68146731302217,
        -50.35077373449195
    ],
    "normalized_estimates": {
        "WISSTep2": {
            "0": [
                0.7789421023467575,
                0.8059233301025867,
                0.7871102976303948,
                0.7959651299639746,
                0.850160106319919
            ],
            "1": [
                0.6541994154975538,
                0.6654750409293224,
                0.5151877363050904,
                0.5827481702346851,
                0.5052444909963704
            ],
            "2": [
                1.027139794718007,
                0.926731700862692,
                0.9732975470577706,
                0.9031215210071029,
                0.9284640337998055
            ],
            "3": [
                0.9758489983233664,
                0.9673586910155487,
                0.956757316536391,
                0.9764186084793691,
                0.940924450337124
            ],
            "4": [
                0.6556004449619337,
                0.674620537339984,
                0.7444378946106777,
                0.6468166662577925,
                0.7357615819414371
            ],
            "5": [
                1.246956506194158,
                1.2399121354151705,
                1.2950382842385495,
                1.0973671720354514,
                1.2445344014159028
            ]
        },
        "ISStepwise": {
            "0": [
                1.7643885847361882,
                1.7879820400238278,
                1.7502016331474242,
                1.7362991988250926,
                1.7716541629201783
            ],
            "1": [
                1.7145294588680242,
                1.6845595239517865,
                1.6952391140145646,
                1.7069666855074923,
                1.6960079683509377
            ],
            "2": [
                0.8609784395901422,
                0.9755623702697914,
                0.25553716379459046,
                1.2470968095469428,
                1.2519847677262264
            ],
            "3": [
                0.9565103779561148,
                0.9508523860859448,
                0.9498859123422891,
                0.9892985467056683,
                0.9784913791532113
            ],
            "4": [
                1.1422671401914606,
                1.218163537563722,
                1.1281010466482575,
                1.1690291483594606,
                1.1001512257698156
            ],
            "5": [
                1.0091393871934062,
                1.1529206140746533,
                1.0393691747686924,
                0.977253267597855,
                1.1487417516591136
            ]
        }
    },
    "raw_estimates": {
        "WISSTep2": {
            "0": [
                -56.780947064577646,
                -55.54825478674034,
                -56.4077664465151,
                -56.003215418002696,
                -53.52720767454056
            ],
            "1": [
                -62.48007047687199,
                -61.964920591058345,
                -68.83110183172671,
                -65.74446596971124,
                -69.2853792211629
            ],
            "2": [
                -45.441530580945575,
                -50.02887860854119,
                -47.9014231963896,
                -51.10755770534571,
                -49.949733454230646
            ],
            "3": [
                -47.784854954912944,
                -48.17275191607148,
                -48.657097275488866,
                -47.758831156180115,
                -49.38045397654378
            ],
            "4": [
                -62.416061595682706,
                -61.547089982887606,
                -58.35734198678318,
                -62.81736639459007,
                -58.75373698126835
            ],
            "5": [
                -35.39875694483098,
                -35.720593354206564,
                -33.202043102288954,
                -42.233049984903076,
                -35.50941572890441
            ]
        },
        "ISStepwise": {
            "0": [
                -11.758819826466517,
                -10.680904825571496,
                -12.406979570262576,
                -13.042140563949227,
                -11.426877106791995
            ],
            "1": [
                -14.036735419989718,
                -15.40597286436627,
                -14.918054066897529,
                -14.382256105887624,
                -14.882927392462774
            ],
            "2": [
                -53.03295011139488,
                -47.79795014062691,
                -80.69376644307233,
                -35.392346900740414,
                -35.169030587764524
            ],
            "3": [
                -48.66837916687503,
                -48.926876035495766,
                -48.97103135456865,
                -47.17038497670074,
                -47.66413241131589
            ],
            "4": [
                -40.181703599855936,
                -36.7142222901425,
                -40.82891040140909,
                -38.9590268148462,
                -42.10585482645839
            ],
            "5": [
                -46.2639158168697,
                -39.69497797317958,
                -44.88280647514721,
                -47.72069805640812,
                -39.88589780367794
            ]
        }
    },
    "mean_estimates": {
        "WISSTep2": [
            0.8036201932727265,
            0.5845709707926044,
            0.9517509194890756,
            0.9634616129383599,
            0.691447425022365,
            1.2247616998598465
        ],
        "ISStepwise": [
            1.7621051239305423,
            1.6994605501385611,
            0.9182319101855386,
            0.9650077204486456,
            1.1515424197065434,
            1.0654848390587444
        ]
    },
    "std_estimates": {
        "WISSTep2": [
            0.024945752206856273,
            0.06708745799835139,
            0.04400181453159822,
            0.013337087808259412,
            0.0408210463537326,
            0.06675517790268562
        ],
        "ISStepwise": [
            0.017740642540490473,
            0.010345970267130697,
            0.364766270477799,
            0.015956821068563554,
            0.04005182297649849,
            0.07241322575062656
        ]
    }
}